,fitbit_steps_intraday_rapids_stdsteps,fitbit_heartrate_intraday_rapids_modehr,phone_locations_doryab_avgspeed,phone_screen_rapids_sumdurationunlock,fitbit_heartrate_intraday_rapids_stdhr,fitbit_steps_intraday_rapids_minsteps,phone_wifi_visible_rapids_countscansmostuniquedevice,phone_screen_rapids_countepisodeunlock,fitbit_steps_intraday_rapids_mindurationactivebout,phone_locations_doryab_numberofsignificantplaces,phone_wifi_visible_rapids_uniquedevices,phone_locations_doryab_maxlengthstayatclusters,fitbit_steps_intraday_rapids_sumsteps,fitbit_heartrate_intraday_rapids_avghr,phone_screen_rapids_firstuseafter00unlock,phone_locations_doryab_homelabel,phone_battery_rapids_countdischarge,phone_battery_rapids_sumdurationdischarge,phone_battery_rapids_sumdurationcharge,phone_locations_doryab_loglocationvariance,phone_locations_doryab_totaldistance,phone_screen_rapids_mindurationunlock,fitbit_heartrate_intraday_rapids_minutesonfatburnzone,phone_locations_doryab_locationvariance,phone_battery_rapids_maxconsumptionrate,fitbit_heartrate_intraday_rapids_minhr,fitbit_steps_intraday_rapids_avgdurationactivebout,fitbit_steps_intraday_rapids_maxdurationactivebout,pid,phone_locations_doryab_radiusgyration,phone_locations_doryab_locationentropy,fitbit_heartrate_intraday_rapids_entropyhr,fitbit_heartrate_intraday_rapids_maxhr,phone_locations_doryab_movingtostaticratio,phone_locations_doryab_avglengthstayatclusters,phone_screen_rapids_maxdurationunlock,phone_locations_doryab_timeattop3location,phone_locations_doryab_minlengthstayatclusters,phone_wifi_visible_rapids_countscans,fitbit_steps_intraday_rapids_countepisodesedentarybout,fitbit_steps_intraday_rapids_stddurationsedentarybout,fitbit_heartrate_intraday_rapids_minutesoncardiozone,fitbit_heartrate_intraday_rapids_medianhr,fitbit_heartrate_intraday_rapids_diffminmodehr,fitbit_heartrate_intraday_rapids_minutesonoutofrangezone,fitbit_heartrate_intraday_rapids_diffmaxmodehr,phone_battery_rapids_countcharge,fitbit_steps_intraday_rapids_maxsteps,fitbit_steps_intraday_rapids_avgsteps,phone_locations_doryab_timeattop1location,phone_locations_doryab_timeattop2location,phone_screen_rapids_avgdurationunlock,phone_locations_doryab_stdlengthstayatclusters,phone_locations_doryab_numberlocationtransitions,fitbit_steps_intraday_rapids_countepisodeactivebout,fitbit_heartrate_intraday_rapids_minutesonpeakzone,phone_battery_rapids_avgconsumptionrate,fitbit_steps_intraday_rapids_maxdurationsedentarybout,fitbit_steps_intraday_rapids_sumdurationactivebout,phone_locations_doryab_normalizedlocationentropy,fitbit_steps_intraday_rapids_sumdurationsedentarybout,fitbit_steps_intraday_rapids_mindurationsedentarybout,fitbit_steps_intraday_rapids_avgdurationsedentarybout
p205,16,3,54,26,20,53,1,57,23,51,48,17,32,25,10,43,28,7,60,58,41,5,42,34,15,11,6,44,,45,47,21,18,49,50,29,46,52,2,59,8,62,33,12,30,31,35,4,56,24,40,39,38,37,13,55,36,9,22,61,27,14,19
p241,26,15,40,16,14,54,3,11,44,56,18,27,33,12,2,62,42,39,43,31,41,25,61,58,38,6,23,51,,9,57,4,22,50,49,35,1,8,24,37,21,48,30,28,32,13,52,20,53,17,55,34,10,46,29,59,60,7,19,5,45,47,36
p255,6,12,24,20,27,51,59,21,17,45,15,35,23,14,4,60,40,41,2,30,47,25,37,38,42,13,33,11,,62,56,18,16,61,53,3,39,50,36,43,10,57,34,29,1,28,52,22,54,32,9,5,58,46,26,55,49,19,31,48,44,7,8
p256,11,17,35,21,16,50,8,31,45,52,59,38,36,25,24,58,42,19,30,27,9,22,7,55,33,43,10,14,,2,54,18,39,6,13,3,20,5,53,40,4,60,32,34,12,29,56,23,61,1,28,37,57,47,15,51,46,26,44,49,41,48,62
p260,10,4,29,2,1,13,24,6,45,55,49,21,15,27,5,52,20,31,41,30,42,36,38,53,18,12,51,25,,50,19,7,16,14,48,58,57,39,23,37,34,32,33,22,26,17,61,3,56,28,35,40,59,60,54,47,46,11,44,43,9,8,62
p269,14,7,17,37,24,57,30,15,27,31,60,10,36,6,3,47,48,49,50,22,51,32,52,53,33,18,25,38,,61,55,13,8,41,56,29,5,62,39,20,2,58,9,19,12,26,59,16,46,4,28,34,43,54,23,42,44,21,40,45,1,35,11
p272,19,9,52,1,13,55,56,62,6,61,7,11,20,16,50,35,37,38,48,45,46,53,18,31,34,2,28,24,,49,47,17,25,44,43,42,12,41,39,15,8,36,5,27,40,22,58,51,30,10,3,32,33,60,29,59,57,14,4,54,26,21,23
p274,31,28,13,17,6,14,11,8,37,10,4,18,35,20,19,1,45,38,58,27,33,12,32,53,5,16,52,50,,42,62,29,34,61,59,30,57,49,7,40,39,51,36,24,2,41,54,23,56,26,22,25,60,55,48,47,46,9,21,44,43,3,15
p276,25,20,52,6,9,51,10,19,50,49,12,48,47,17,5,46,45,16,3,44,13,18,43,42,15,41,40,39,,38,37,14,55,36,35,1,34,53,2,54,29,56,22,4,7,11,21,23,24,8,26,27,28,61,30,62,32,33,60,59,58,57,31
p281,38,14,31,12,23,55,22,44,40,62,46,32,17,19,5,56,1,28,6,3,25,9,42,48,13,45,29,2,,51,52,24,27,61,47,18,8,58,43,39,15,53,16,30,20,11,50,35,49,4,10,36,60,59,41,57,34,21,7,54,33,37,26
p282,26,10,25,2,28,32,12,62,6,60,29,17,18,11,44,43,57,50,39,40,21,41,33,42,5,27,7,8,,45,47,24,16,1,48,49,46,51,4,34,13,58,22,20,23,19,59,30,38,15,61,52,56,54,55,35,36,14,53,37,3,31,9
p285,25,19,4,12,20,45,3,31,33,47,26,5,16,11,6,54,37,7,35,23,1,15,24,38,18,9,29,55,,61,52,22,39,2,50,41,48,57,21,28,10,56,13,30,49,8,51,27,53,14,34,62,44,58,43,59,60,17,36,46,40,32,42
p289,22,2,41,19,14,47,27,33,39,20,1,37,28,35,11,7,59,3,48,9,53,26,23,61,36,40,4,58,,6,50,12,10,29,57,31,15,49,13,51,21,52,25,32,55,38,56,18,62,16,5,44,60,54,17,46,45,8,24,43,42,30,34
p291,15,5,16,2,17,56,21,32,4,3,62,24,19,22,9,50,44,14,53,18,34,40,49,13,29,26,20,8,,51,46,30,27,35,7,36,59,6,61,39,11,57,12,28,25,23,52,10,54,31,1,42,58,45,38,60,55,43,37,48,47,33,41
p292,15,7,25,32,18,53,6,1,41,52,20,11,3,16,2,62,54,21,36,31,28,39,59,43,49,37,34,13,,50,51,17,22,44,10,5,23,42,4,14,35,61,27,24,38,26,56,33,57,30,58,29,60,48,12,45,46,19,8,47,55,40,9
p293,25,5,2,16,53,52,1,51,50,49,48,6,47,46,7,45,17,13,12,9,4,10,54,11,15,44,42,41,,40,39,38,56,14,37,36,35,34,43,55,27,57,23,22,21,61,24,20,19,3,18,8,26,28,29,30,62,32,33,60,59,58,31
p295,59,4,20,58,3,50,30,60,23,51,7,13,27,6,10,46,49,5,18,17,48,47,45,31,1,11,19,44,,43,42,32,9,29,41,40,15,39,2,57,12,56,16,28,14,21,55,8,36,35,26,33,34,37,54,38,61,22,25,52,24,53,62
p298,22,18,1,10,30,55,25,23,46,50,36,14,13,20,5,49,48,24,43,4,6,29,58,52,26,8,3,44,,45,47,12,7,33,11,21,17,51,37,34,2,53,28,27,60,35,59,31,40,19,9,56,54,42,32,41,39,38,16,57,61,15,62
p307,9,28,18,21,27,59,22,29,61,56,42,7,30,44,2,58,47,12,3,17,34,37,23,41,5,8,4,52,,40,13,10,24,38,46,19,31,39,14,49,25,60,36,20,43,33,54,32,55,6,1,11,35,62,16,51,57,26,48,53,50,15,45
p308,32,22,16,29,8,59,27,20,38,60,7,30,36,42,17,56,26,5,19,4,15,48,40,23,3,33,18,49,,2,45,43,9,12,28,44,51,1,62,47,24,53,39,25,54,10,52,34,50,11,37,35,57,6,13,58,61,14,31,55,46,41,21
p311,17,21,20,15,1,41,18,27,36,54,49,28,10,39,22,62,8,12,38,3,9,23,26,58,24,2,19,30,,46,51,7,14,32,48,34,45,40,6,37,11,44,25,47,29,4,50,31,52,16,53,5,60,59,61,57,56,55,13,43,42,33,35
p312,56,18,53,9,4,17,52,51,7,50,1,49,8,10,14,6,48,47,46,45,54,44,24,42,41,5,11,40,,39,38,2,13,37,36,35,34,43,55,62,23,58,22,20,12,33,30,19,29,27,26,28,61,57,16,32,60,15,3,59,25,21,31
p313,18,4,25,20,7,57,29,22,10,61,33,45,41,13,23,49,58,3,17,32,19,37,5,50,11,27,38,36,,51,52,28,2,12,53,35,21,54,14,43,30,62,34,39,9,24,6,15,56,8,26,1,48,59,31,60,46,40,16,55,47,42,44
p314,33,2,26,21,28,58,62,40,7,1,43,36,20,23,4,51,46,6,60,15,3,24,42,11,5,12,35,38,,50,59,17,14,31,41,54,53,39,47,25,32,48,16,34,44,30,57,37,52,29,10,18,55,61,19,49,45,27,8,56,13,22,9
p319,20,29,5,23,25,58,8,54,36,60,52,22,7,27,2,59,1,37,45,18,30,34,47,17,28,4,19,33,,61,62,15,21,16,41,43,53,40,12,56,14,6,38,31,44,10,55,32,57,3,13,42,46,51,35,50,49,39,26,48,9,24,11
p321,9,5,27,37,7,16,25,61,2,60,12,20,22,4,13,46,51,36,44,11,18,32,53,38,15,8,26,35,,42,43,31,62,10,45,33,47,48,29,49,14,50,6,21,59,30,52,19,41,58,1,55,54,57,23,39,40,3,34,56,28,17,24
p322,12,23,15,30,4,58,24,35,51,62,5,10,36,32,2,45,3,11,14,25,26,37,40,48,28,16,20,56,,54,52,27,21,29,41,22,49,57,13,18,9,50,19,34,17,31,53,1,61,8,7,39,46,59,43,60,55,38,6,47,44,42,33
p323,22,6,55,15,9,54,2,53,8,52,51,10,50,49,1,48,3,47,46,56,45,11,43,42,41,4,40,39,,38,37,7,58,36,35,34,44,57,27,59,5,19,16,18,61,20,21,13,17,24,25,26,23,28,29,30,62,32,12,33,14,60,31
p324,8,10,17,41,11,46,18,58,14,61,7,38,2,13,16,60,23,15,45,32,34,21,3,50,4,37,35,22,,51,47,36,42,28,56,44,12,39,25,43,33,62,29,20,54,30,55,40,57,6,59,24,1,53,26,52,27,9,31,49,5,48,19
p325,19,25,28,8,21,58,55,59,4,46,1,17,18,33,32,43,37,9,50,11,10,14,42,62,34,7,26,22,,48,52,2,23,13,44,45,3,47,35,6,29,49,24,27,51,20,53,12,60,15,5,31,39,40,41,38,54,16,56,57,61,36,30
p330,38,12,16,7,8,62,1,6,42,2,36,5,28,17,4,54,19,34,25,24,13,3,43,22,40,18,11,53,,56,61,32,31,26,21,30,51,60,58,33,29,52,27,15,41,10,55,14,57,20,9,37,59,44,35,50,49,48,47,46,39,45,23
p331,1,18,9,14,22,44,26,61,11,53,30,24,7,33,4,51,49,5,38,20,15,8,31,27,16,12,28,21,,45,60,19,32,17,46,29,13,47,41,48,6,50,36,39,40,10,52,3,62,34,54,2,55,59,23,58,56,42,25,43,57,35,37
p333,10,9,30,7,21,56,19,48,40,62,25,18,23,2,5,61,46,34,1,22,14,27,39,41,36,13,6,44,,59,53,38,31,37,49,42,8,43,11,35,20,52,28,15,16,32,54,29,55,12,3,26,57,58,17,60,47,24,4,51,50,33,45
p334,24,13,5,27,54,55,3,58,39,49,18,20,23,22,14,44,42,9,40,28,37,34,29,45,33,1,16,26,,56,7,19,35,30,36,41,38,46,11,32,21,43,2,25,62,47,48,10,50,52,8,31,51,59,17,57,60,15,4,53,6,61,12
p337,13,11,25,30,8,62,6,4,20,51,23,10,15,39,5,45,47,17,19,21,32,14,40,37,7,29,22,34,,55,53,2,31,35,49,24,48,57,3,28,18,56,38,1,50,26,52,41,36,61,16,27,44,58,59,60,54,9,43,46,42,33,12
p338,35,20,12,36,30,58,45,54,14,46,47,33,26,38,3,61,48,24,23,18,32,10,1,9,27,21,8,16,,55,60,31,17,37,29,41,2,50,42,44,6,62,19,34,51,11,52,40,53,43,5,25,13,39,22,59,28,7,49,57,56,15,4
p339,5,24,38,3,27,50,11,47,6,56,59,15,10,4,18,48,33,1,49,7,51,26,23,52,17,12,14,53,,46,55,20,9,25,54,60,62,61,36,21,29,57,8,22,34,13,58,19,44,35,41,40,39,37,2,45,42,30,16,43,32,28,31
p343,3,19,7,33,21,51,6,16,14,48,62,24,9,15,12,50,60,34,44,17,8,11,37,1,30,4,57,54,,56,61,26,38,25,53,5,45,43,46,40,35,42,10,2,39,28,47,20,49,31,13,23,41,52,27,59,58,29,32,55,36,18,22
p345,26,9,15,12,13,40,22,36,60,62,24,14,32,28,6,45,30,21,3,16,10,23,2,51,4,20,31,18,,50,49,19,34,29,43,38,39,42,5,44,27,47,48,8,33,17,46,53,52,7,59,37,58,61,56,55,54,11,35,57,41,25,1
p347,18,15,36,16,12,61,7,48,41,44,27,20,17,39,22,55,59,25,26,24,10,14,1,45,32,21,33,57,,58,51,37,5,34,47,30,3,46,4,28,29,62,23,31,43,13,54,42,56,19,2,9,60,38,11,53,52,8,35,50,49,40,6
p349,3,19,53,1,17,50,6,49,48,46,26,28,5,15,9,32,45,14,44,43,51,42,40,18,39,11,38,37,,36,35,25,2,20,34,33,27,12,10,13,41,52,21,22,61,24,59,23,58,4,55,47,54,60,16,56,57,8,31,30,7,29,62
p350,5,24,12,8,16,56,26,33,28,61,3,25,17,36,11,46,55,10,38,39,22,14,9,50,30,21,18,41,,52,57,23,1,29,47,13,48,49,37,34,19,51,15,35,6,31,62,40,53,27,20,7,54,58,32,43,44,4,45,60,59,42,2
p351,4,10,55,58,3,59,32,25,7,54,1,2,18,22,5,51,40,45,48,21,52,50,49,11,47,46,12,44,,43,42,41,31,39,38,37,36,35,34,20,15,53,16,6,61,23,24,9,26,27,28,29,30,62,13,33,60,17,8,57,56,14,19
p352,27,4,21,3,19,35,26,50,62,39,5,28,53,12,59,60,48,31,45,6,17,41,15,16,18,1,34,61,,32,33,11,7,36,37,38,14,40,20,42,43,44,29,2,22,10,46,30,49,13,9,58,57,47,56,55,54,25,52,51,24,23,8
p353,38,14,13,20,23,49,11,17,41,62,19,28,32,30,18,58,3,1,12,5,10,9,57,55,42,43,6,53,,52,60,34,22,33,15,8,37,2,21,29,40,51,7,27,4,24,54,25,61,16,36,31,59,46,56,50,35,26,48,47,39,44,45
p356,4,1,15,30,29,48,35,43,11,51,24,21,58,22,12,46,54,40,38,42,14,17,36,16,26,39,7,9,,50,49,18,10,6,45,34,2,33,23,20,32,37,5,31,52,41,53,3,55,8,28,44,25,61,27,56,47,13,60,59,19,57,62
p357,29,27,17,35,19,57,1,8,3,61,7,20,34,22,21,53,25,26,18,23,9,15,2,46,39,33,5,47,,24,59,10,13,14,51,32,4,52,12,36,31,54,16,41,30,43,62,38,55,28,6,45,58,48,37,56,50,44,60,49,40,11,42
p358,12,34,21,23,30,57,24,41,26,52,17,8,28,20,16,46,48,38,35,5,29,40,55,60,25,32,33,58,,61,54,7,11,27,50,18,49,6,9,2,14,56,10,36,1,31,51,19,53,13,37,42,62,45,39,59,4,43,15,3,47,22,44
p360,7,36,23,26,14,58,21,62,33,40,2,35,11,28,1,57,61,37,53,3,30,27,46,51,5,22,34,6,,48,44,15,4,19,60,8,31,45,47,12,16,49,50,13,52,9,54,17,59,24,10,20,56,55,18,43,42,29,39,41,25,38,32
p361,25,37,17,38,39,54,22,18,10,56,12,8,21,36,16,61,20,2,9,33,13,11,52,30,7,60,29,47,,48,49,50,15,6,51,3,53,26,19,1,5,55,4,57,62,58,59,28,43,27,31,14,46,45,35,42,41,24,40,44,34,23,32
p364,20,19,8,46,4,56,22,58,42,32,38,1,6,13,16,54,7,26,48,27,24,51,10,47,25,34,33,14,,35,30,5,9,2,11,52,49,3,17,29,36,50,37,12,31,40,53,28,61,18,62,57,41,59,60,55,39,21,23,15,45,44,43
p366,25,10,29,18,14,41,22,62,39,58,11,13,33,9,8,47,42,5,6,17,38,15,37,27,26,19,46,35,,20,36,28,7,24,30,23,40,31,4,21,43,44,45,3,60,2,49,53,59,16,34,61,54,50,32,52,51,56,55,48,57,12,1
p372,11,8,5,17,19,35,34,3,43,56,28,9,26,15,12,52,22,25,53,4,33,24,49,18,6,16,21,40,,29,58,10,13,36,37,38,39,62,41,42,27,44,45,47,46,23,50,51,31,32,1,61,48,60,30,59,57,14,55,54,20,7,2
p373,24,27,11,5,19,56,43,42,22,4,54,17,14,6,7,52,51,36,49,1,38,23,16,37,8,10,18,35,,41,59,29,26,28,53,39,45,47,48,13,12,50,3,15,20,32,46,9,62,60,2,61,57,58,33,55,44,34,30,40,25,21,31
p374,18,17,16,19,20,56,38,60,25,54,12,23,3,22,4,62,39,34,32,24,26,48,50,33,5,8,35,7,,52,43,13,27,15,47,41,1,36,45,11,30,49,31,6,51,10,46,14,53,21,9,42,59,61,40,57,58,2,55,44,28,37,29
p375,18,25,8,14,5,33,15,35,28,36,17,2,27,12,49,43,59,6,60,4,19,40,41,29,42,16,44,45,,47,48,24,11,9,50,46,30,52,22,51,23,57,31,21,13,26,58,20,34,10,32,7,39,61,54,55,38,37,53,56,3,1,62
p381,25,14,20,16,4,44,21,32,34,53,51,22,9,7,10,49,48,6,60,19,5,37,50,38,18,12,30,42,,45,57,23,8,54,55,17,40,39,35,33,28,47,31,11,62,13,52,15,46,29,2,1,59,61,36,58,56,26,3,43,27,41,24
p382,27,4,2,3,30,47,6,50,24,56,32,42,36,28,26,52,37,31,8,25,20,23,58,21,16,14,34,35,,10,5,19,41,9,54,15,1,48,43,7,17,61,11,29,46,38,51,33,53,12,55,62,57,59,44,60,13,45,22,49,40,18,39
p386,20,9,2,14,27,3,55,52,21,62,35,1,23,19,10,42,45,47,46,60,57,58,4,29,49,8,13,16,,44,43,15,12,41,40,39,38,37,36,18,25,59,6,26,22,28,32,17,33,34,31,54,48,51,7,53,56,11,30,50,61,5,24
p391,23,38,14,20,17,56,3,39,50,62,6,28,27,25,10,52,55,26,32,5,15,22,21,37,4,9,8,45,,54,1,16,24,35,49,40,47,42,12,61,18,48,13,29,2,7,51,30,53,11,19,34,43,57,58,59,60,33,41,46,36,44,31